filename,latitude,longitude,roll,pitch,heading,date,time
N94E71-0001.jpg,2.5425833,102.8083889,0,0,155.8094,4/9/2022,43:17.2
N94E71-0002.jpg,2.5426204,102.8083827,0,0,155.7978,4/9/2022,43:18.5
N94E71-0003.jpg,2.5426574,102.8083765,0,0,154.6215,4/9/2022,43:19.8
N94E71-0004.jpg,2.5426944,102.8083704,0,0,154.51,4/9/2022,43:21.1
N94E71-0005.jpg,2.5427315,102.8083642,0,0,154.45,4/9/2022,43:22.4
N94E71-0006.jpg,2.5427685,102.808358,0,0,154.38,4/9/2022,43:23.7
N94E71-0007.jpg,2.5428056,102.8083519,0,0,154.32,4/9/2022,43:25.0
N94E71-0008.jpg,2.5428426,102.8083457,0,0,154.25,4/9/2022,43:26.3
N94E71-0009.jpg,2.5428796,102.8083395,0,0,154.18,4/9/2022,43:27.6
